Token,StaffName
57525749,sandesh limbuu
76375463,Naruto uzumaki
80167253,Sasuke uchiha
63756039,Luffy
95980899,Zoro
334591,Abbas
79199562,Muhammad
33077207,Diana
97451653,koko
39137865,Pikachu
41129664,rai rai
16186017,lhouse
81375763,useless
16184950,balbusar
15218376,Michael
433877622,Galib
39079265,sandesh phone
35292398,kkkkjj
39566223,hjjjiiji
44025796,ikiliojmo
45631079,ghana
50573222,ghana2
34450509,kira 
44863474,mango
41472966,oppa
48657167,limbuuu
48565932,polop
36059740,visitor
42862055,llpl
46498128,sss
38764432,papapapa
41073636,test test
39827259,koko
37165335,lplpl
43387762,testerradmin
41795352,oo
58910394,ki
92932409,hanini
49210527,ikik
47780577,lololo
